[
    {
        "displayUrl": "https://www.jdsports.fr/",
        "logoUrl": "https://ui2.awin.com/logos/7322/logo.gif",
        "clickThroughUrl": "https://www.awin1.com/awclick.php?mid=7322&id=1110974",
        "name": "JD Sports FR",
        "discount": 8,
        "category": "Sport"
    },
    {
        "displayUrl": "https://www.sosh.fr/",
        "logoUrl": "https://ui2.awin.com/logos/7320/logo.gif",
        "clickThroughUrl": "https://www.awin1.com/awclick.php?mid=7322&id=1110974",
        "name": "Sosh",
        "discount": 8,
        "category": "Mobile"
    }
]